{
    "a": "\u24d0",
    "b": "\u24d1",
    "c": "\u24d2",
    "d": "\u24d3",
    "e": "\u24d4",
    "f": "\u24d5",
    "g": "\u24d6",
    "h": "\u24d7",
    "i": "\u24d8",
    "j": "\u24d9",
    "k": "\u24da",
    "l": "\u24db",
    "m": "\u24dc",
    "n": "\u24dd",
    "o": "\u24de",
    "p": "\u24df",
    "q": "\u24e0",
    "r": "\u24e1",
    "s": "\u24e2",
    "t": "\u24e3",
    "u": "\u24e4",
    "v": "\u24e5",
    "w": "\u24e6",
    "x": "\u24e7",
    "y": "\u24e8",
    "z": "\u24e9",
    "A": "\u24b6",
    "B": "\u24b7",
    "C": "\u24b8",
    "D": "\u24b9",
    "E": "\u24ba",
    "F": "\u24bb",
    "G": "\u24bc",
    "H": "\u24bd",
    "I": "\u24be",
    "J": "\u24bf",
    "K": "\u24c0",
    "L": "\u24c1",
    "M": "\u24c2",
    "N": "\u24c3",
    "O": "\u24c4",
    "P": "\u24c5",
    "Q": "\u24c6",
    "R": "\u24c7",
    "S": "\u24c8",
    "T": "\u24c9",
    "U": "\u24ca",
    "V": "\u24cb",
    "W": "\u24cc",
    "X": "\u24cd",
    "Y": "\u24ce",
    "Z": "\u24cf",
    "0": "\u24ea",
    "1": "\u2460",
    "2": "\u2461",
    "3": "\u2462",
    "4": "\u2463",
    "5": "\u2464",
    "6": "\u2465",
    "7": "\u2466",
    "8": "\u2467",
    "9": "\u2468"
}