{
    "a": "\ud835\udcb6",
    "b": "\ud835\udcb7",
    "c": "\ud835\udcb8",
    "d": "\ud835\udcb9",
    "e": "\ud835\udc52",
    "f": "\ud835\udcbb",
    "g": "\ud835\udc54",
    "h": "\ud835\udcbd",
    "i": "\ud835\udcbe",
    "j": "\ud835\udcbf",
    "k": "\ud835\udcc0",
    "l": "\ud835\udcc1",
    "m": "\ud835\udcc2",
    "n": "\ud835\udcc3",
    "o": "\ud835\udc5c",
    "p": "\ud835\udcc5",
    "q": "\ud835\udcc6",
    "r": "\ud835\udcc7",
    "s": "\ud835\udcc8",
    "t": "\ud835\udcc9",
    "u": "\ud835\udcca",
    "v": "\ud835\udccb",
    "w": "\ud835\udccc",
    "x": "\ud835\udccd",
    "y": "\ud835\udcce",
    "z": "\ud835\udccf",
    "A": "\ud835\udcd0",
    "B": "\ud835\udcd1",
    "C": "\ud835\udcd2",
    "D": "\ud835\udcd3",
    "E": "\ud835\udcd4",
    "F": "\ud835\udcd5",
    "G": "\ud835\udcd6",
    "H": "\ud835\udcd7",
    "I": "\ud835\udcd8",
    "J": "\ud835\udcd9",
    "K": "\ud835\udcda",
    "L": "\ud835\udcdb",
    "M": "\ud835\udcdc",
    "N": "\ud835\udcdd",
    "O": "\ud835\udcde",
    "P": "\ud835\udcdf",
    "Q": "\ud835\udce0",
    "R": "\ud835\udce1",
    "S": "\ud835\udce2",
    "T": "\ud835\udce3",
    "U": "\ud835\udce4",
    "V": "\ud835\udce5",
    "W": "\ud835\udce6",
    "X": "\ud835\udce7",
    "Y": "\ud835\udce8",
    "Z": "\ud835\udce9",
    "0": "\ud835\udfce",
    "1": "\ud835\udfcf",
    "2": "\ud835\udfd0",
    "3": "\ud835\udfd1",
    "4": "\ud835\udfd2",
    "5": "\ud835\udfd3",
    "6": "\ud835\udfd4",
    "7": "\ud835\udfd5",
    "8": "\ud835\udfd6",
    "9": "\ud835\udfd7"
}